"taxonID","description","type","source","language"
"alien-macroinvertebrates-checklist:taxon:1","Southern Europe","native range","Kerckhof F, Cattrijsse A (2001) Exotic Cirripedia (Balanomorpha) from buoys off the Belgian coast. Senckenbergiana maritime 31: 245–254, http://dx.doi.org/10.1007/BF03043033","en"
"alien-macroinvertebrates-checklist:taxon:1","Ship/boat hull fouling","pathway","Kerckhof F, Cattrijsse A (2001) Exotic Cirripedia (Balanomorpha) from buoys off the Belgian coast. Senckenbergiana maritime 31: 245–254, http://dx.doi.org/10.1007/BF03043033","en"
"alien-macroinvertebrates-checklist:taxon:1","marine","habitat","Kerckhof F, Cattrijsse A (2001) Exotic Cirripedia (Balanomorpha) from buoys off the Belgian coast. Senckenbergiana maritime 31: 245–254, http://dx.doi.org/10.1007/BF03043033","en"
"alien-macroinvertebrates-checklist:taxon:10","Northern America","native range","Van Damme P, Maes J (1993) De Blauwe Zwemkrab Callinectes sapidus Rathbun, 1896 in de Westerschelde (België). De Strandvlo 13(4): 120–121","en"
"alien-macroinvertebrates-checklist:taxon:10","Ship/boat hull fouling","pathway","Van Damme P, Maes J (1993) De Blauwe Zwemkrab Callinectes sapidus Rathbun, 1896 in de Westerschelde (België). De Strandvlo 13(4): 120–121","en"
"alien-macroinvertebrates-checklist:taxon:10","Other means of transport","pathway","Van Damme P, Maes J (1993) De Blauwe Zwemkrab Callinectes sapidus Rathbun, 1896 in de Westerschelde (België). De Strandvlo 13(4): 120–121","en"
"alien-macroinvertebrates-checklist:taxon:10","brackish","habitat","Van Damme P, Maes J (1993) De Blauwe Zwemkrab Callinectes sapidus Rathbun, 1896 in de Westerschelde (België). De Strandvlo 13(4): 120–121","en"
"alien-macroinvertebrates-checklist:taxon:10","marine","habitat","Van Damme P, Maes J (1993) De Blauwe Zwemkrab Callinectes sapidus Rathbun, 1896 in de Westerschelde (België). De Strandvlo 13(4): 120–121","en"
"alien-macroinvertebrates-checklist:taxon:11","Northeast Asia","native range","Cook EJ, Jahnke M, Kerckhof F, Minchin D, Faasse M, Boos K, Ashton G (2007) European expansion of the introduced amphipod Caprella mutica Schurin, 1935. Aquatic Invasions 2: 411–421, http://dx.doi.org/10.3391/ai.2007.2.4.11","en"
"alien-macroinvertebrates-checklist:taxon:11","Ship/boat hull fouling","pathway","Cook EJ, Jahnke M, Kerckhof F, Minchin D, Faasse M, Boos K, Ashton G (2007) European expansion of the introduced amphipod Caprella mutica Schurin, 1935. Aquatic Invasions 2: 411–421, http://dx.doi.org/10.3391/ai.2007.2.4.11","en"
"alien-macroinvertebrates-checklist:taxon:11","Aquaculture / mariculture","pathway","Cook EJ, Jahnke M, Kerckhof F, Minchin D, Faasse M, Boos K, Ashton G (2007) European expansion of the introduced amphipod Caprella mutica Schurin, 1935. Aquatic Invasions 2: 411–421, http://dx.doi.org/10.3391/ai.2007.2.4.11","en"
"alien-macroinvertebrates-checklist:taxon:11","marine","habitat","Cook EJ, Jahnke M, Kerckhof F, Minchin D, Faasse M, Boos K, Ashton G (2007) European expansion of the introduced amphipod Caprella mutica Schurin, 1935. Aquatic Invasions 2: 411–421, http://dx.doi.org/10.3391/ai.2007.2.4.11","en"
"alien-macroinvertebrates-checklist:taxon:12","Ponto-Caspian","native range","Vercauteren T, Sablon S, Wouters K (2006) Exotische ongewervelden in vijvers en grachten van het Provinciaal Groendomein ‘Prinsenpark’. In: Retie: een eerste bilan. In: Nieuwborg H, Rijvers T (eds), Natuurstudie in de provincie Antwerpen. Antwerpse Koepel voor Natuurstudie (ANKONA) Jaarboek 2004–2005, pp 27–39","en"
"alien-macroinvertebrates-checklist:taxon:12","Interconnected waterways/basins/seas","pathway","Vercauteren T, Sablon S, Wouters K (2006) Exotische ongewervelden in vijvers en grachten van het Provinciaal Groendomein ‘Prinsenpark’. In: Retie: een eerste bilan. In: Nieuwborg H, Rijvers T (eds), Natuurstudie in de provincie Antwerpen. Antwerpse Koepel voor Natuurstudie (ANKONA) Jaarboek 2004–2005, pp 27–39","en"
"alien-macroinvertebrates-checklist:taxon:12","freshwater","habitat","Vercauteren T, Sablon S, Wouters K (2006) Exotische ongewervelden in vijvers en grachten van het Provinciaal Groendomein ‘Prinsenpark’. In: Retie: een eerste bilan. In: Nieuwborg H, Rijvers T (eds), Natuurstudie in de provincie Antwerpen. Antwerpse Koepel voor Natuurstudie (ANKONA) Jaarboek 2004–2005, pp 27–39","en"
"alien-macroinvertebrates-checklist:taxon:12","brackish","habitat","Vercauteren T, Sablon S, Wouters K (2006) Exotische ongewervelden in vijvers en grachten van het Provinciaal Groendomein ‘Prinsenpark’. In: Retie: een eerste bilan. In: Nieuwborg H, Rijvers T (eds), Natuurstudie in de provincie Antwerpen. Antwerpse Koepel voor Natuurstudie (ANKONA) Jaarboek 2004–2005, pp 27–39","en"
"alien-macroinvertebrates-checklist:taxon:13","Asia","native range","Swinnen F, Leynen M, Sablon R, Duvivier L, Vanmaele R (1998) The Asiatic clam Corbicula (Bivalvia: Corbiculidae) in Belgium. Biologie 68: 47–53","en"
"alien-macroinvertebrates-checklist:taxon:13","Interconnected waterways/basins/seas","pathway","Swinnen F, Leynen M, Sablon R, Duvivier L, Vanmaele R (1998) The Asiatic clam Corbicula (Bivalvia: Corbiculidae) in Belgium. Biologie 68: 47–53","en"
"alien-macroinvertebrates-checklist:taxon:13","freshwater","habitat","Swinnen F, Leynen M, Sablon R, Duvivier L, Vanmaele R (1998) The Asiatic clam Corbicula (Bivalvia: Corbiculidae) in Belgium. Biologie 68: 47–53","en"
"alien-macroinvertebrates-checklist:taxon:14","Asia","native range","Swinnen F, Leynen M, Sablon R, Duvivier L, Vanmaele R (1998) The Asiatic clam Corbicula (Bivalvia: Corbiculidae) in Belgium. Biologie 68: 47–53","en"
"alien-macroinvertebrates-checklist:taxon:14","Interconnected waterways/basins/seas","pathway","Swinnen F, Leynen M, Sablon R, Duvivier L, Vanmaele R (1998) The Asiatic clam Corbicula (Bivalvia: Corbiculidae) in Belgium. Biologie 68: 47–53","en"
"alien-macroinvertebrates-checklist:taxon:14","freshwater","habitat","Swinnen F, Leynen M, Sablon R, Duvivier L, Vanmaele R (1998) The Asiatic clam Corbicula (Bivalvia: Corbiculidae) in Belgium. Biologie 68: 47–53","en"
"alien-macroinvertebrates-checklist:taxon:15","Northern America","native range","Wouters K (2002) On the distribution of alien non-marine and estuarine macro-crustaceans in Belgium. Bulletin van het Koninklijk Belgisch Instituut voor Natuurwetenschappen, Biologie 72: 119–129","en"
"alien-macroinvertebrates-checklist:taxon:15","Ship/boat hull fouling","pathway","Wouters K (2002) On the distribution of alien non-marine and estuarine macro-crustaceans in Belgium. Bulletin van het Koninklijk Belgisch Instituut voor Natuurwetenschappen, Biologie 72: 119–129","en"
"alien-macroinvertebrates-checklist:taxon:15","freshwater","habitat","Wouters K (2002) On the distribution of alien non-marine and estuarine macro-crustaceans in Belgium. Bulletin van het Koninklijk Belgisch Instituut voor Natuurwetenschappen, Biologie 72: 119–129","en"
"alien-macroinvertebrates-checklist:taxon:16","Southeast Asia","native range","Leloup E (1971) Recherches sur l'ostréiculture dans le bassin de chasse d'Ostende pendant l'année 1969. Bulletin de l'Institut Royal des Sciences Naturelles de Belgique = Mededelingen van het Koninklijk Belgisch Instituut voor Natuurwetenschappen 47(25): 1–16","en"
"alien-macroinvertebrates-checklist:taxon:16","Mariculture","pathway","Leloup E (1971) Recherches sur l'ostréiculture dans le bassin de chasse d'Ostende pendant l'année 1969. Bulletin de l'Institut Royal des Sciences Naturelles de Belgique = Mededelingen van het Koninklijk Belgisch Instituut voor Natuurwetenschappen 47(25): 1–16","en"
"alien-macroinvertebrates-checklist:taxon:16","brackish","habitat","Leloup E (1971) Recherches sur l'ostréiculture dans le bassin de chasse d'Ostende pendant l'année 1969. Bulletin de l'Institut Royal des Sciences Naturelles de Belgique = Mededelingen van het Koninklijk Belgisch Instituut voor Natuurwetenschappen 47(25): 1–16","en"
"alien-macroinvertebrates-checklist:taxon:16","marine","habitat","Leloup E (1971) Recherches sur l'ostréiculture dans le bassin de chasse d'Ostende pendant l'année 1969. Bulletin de l'Institut Royal des Sciences Naturelles de Belgique = Mededelingen van het Koninklijk Belgisch Instituut voor Natuurwetenschappen 47(25): 1–16","en"
"alien-macroinvertebrates-checklist:taxon:17","Northern America","native range","Adam W, Leloup E (1934) Sur la présence du gastéropode Crepidula fornicata (Linné, 1758) sur la côte belge. Bulletin du Musée royal d'Histoire naturelle de Belgique 10: 1–5","en"
"alien-macroinvertebrates-checklist:taxon:17","Ship/boat hull fouling","pathway","Adam W, Leloup E (1934) Sur la présence du gastéropode Crepidula fornicata (Linné, 1758) sur la côte belge. Bulletin du Musée royal d'Histoire naturelle de Belgique 10: 1–5","en"
"alien-macroinvertebrates-checklist:taxon:17","Other means of transport","pathway","Adam W, Leloup E (1934) Sur la présence du gastéropode Crepidula fornicata (Linné, 1758) sur la côte belge. Bulletin du Musée royal d'Histoire naturelle de Belgique 10: 1–5","en"
"alien-macroinvertebrates-checklist:taxon:17","marine","habitat","Adam W, Leloup E (1934) Sur la présence du gastéropode Crepidula fornicata (Linné, 1758) sur la côte belge. Bulletin du Musée royal d'Histoire naturelle de Belgique 10: 1–5","en"
"alien-macroinvertebrates-checklist:taxon:18","Ponto-Caspian","native range","Vercauteren T, De Smedt S, Warmoes T, Goddeeris B, Wouters K (2005) Drie nieuwe Ponto-Kaspische inwijkelingen dringen door tot in kanalen in de provincie Antwerpen: de zoetwaterpolychaet Hypania invalida (Grube, 1860) en, voor het eerst in België, de platworm Dendrocoelum romanodanubiale (Codreanu, 1949) en de Donaupissebed Jaera istri Veuille, 1979. In: Nieuwborg H (ed), Natuurstudie in de provincie Antwerpen. Antwerpse Koepel voor Natuurstudie (ANKONA) Jaarboek 2003, pp 83–97","en"
"alien-macroinvertebrates-checklist:taxon:18","Interconnected waterways/basins/seas","pathway","Vercauteren T, De Smedt S, Warmoes T, Goddeeris B, Wouters K (2005) Drie nieuwe Ponto-Kaspische inwijkelingen dringen door tot in kanalen in de provincie Antwerpen: de zoetwaterpolychaet Hypania invalida (Grube, 1860) en, voor het eerst in België, de platworm Dendrocoelum romanodanubiale (Codreanu, 1949) en de Donaupissebed Jaera istri Veuille, 1979. In: Nieuwborg H (ed), Natuurstudie in de provincie Antwerpen. Antwerpse Koepel voor Natuurstudie (ANKONA) Jaarboek 2003, pp 83–97","en"
"alien-macroinvertebrates-checklist:taxon:18","freshwater","habitat","Vercauteren T, De Smedt S, Warmoes T, Goddeeris B, Wouters K (2005) Drie nieuwe Ponto-Kaspische inwijkelingen dringen door tot in kanalen in de provincie Antwerpen: de zoetwaterpolychaet Hypania invalida (Grube, 1860) en, voor het eerst in België, de platworm Dendrocoelum romanodanubiale (Codreanu, 1949) en de Donaupissebed Jaera istri Veuille, 1979. In: Nieuwborg H (ed), Natuurstudie in de provincie Antwerpen. Antwerpse Koepel voor Natuurstudie (ANKONA) Jaarboek 2003, pp 83–97","en"
"alien-macroinvertebrates-checklist:taxon:19","Ponto-Caspian","native range","Messiaen M, Lock K, Gabriels W, Vercauteren T, Wouters K, Boets P, Goethals PLM (2010) Alien macrocrustaceans in freshwater ecosystems in the eastern part of Flanders (Belgium). Belgian Journal of Zoology 140: 30–39","en"
"alien-macroinvertebrates-checklist:taxon:19","Interconnected waterways/basins/seas","pathway","Messiaen M, Lock K, Gabriels W, Vercauteren T, Wouters K, Boets P, Goethals PLM (2010) Alien macrocrustaceans in freshwater ecosystems in the eastern part of Flanders (Belgium). Belgian Journal of Zoology 140: 30–39","en"
"alien-macroinvertebrates-checklist:taxon:19","freshwater","habitat","Messiaen M, Lock K, Gabriels W, Vercauteren T, Wouters K, Boets P, Goethals PLM (2010) Alien macrocrustaceans in freshwater ecosystems in the eastern part of Flanders (Belgium). Belgian Journal of Zoology 140: 30–39","en"
"alien-macroinvertebrates-checklist:taxon:19","brackish","habitat","Messiaen M, Lock K, Gabriels W, Vercauteren T, Wouters K, Boets P, Goethals PLM (2010) Alien macrocrustaceans in freshwater ecosystems in the eastern part of Flanders (Belgium). Belgian Journal of Zoology 140: 30–39","en"
"alien-macroinvertebrates-checklist:taxon:2","Western Atlantic","native range","Kerckhof F, Cattrijsse A (2001) Exotic Cirripedia (Balanomorpha) from buoys off the Belgian coast. Senckenbergiana maritime 31: 245–254, http://dx.doi.org/10.1007/BF03043033","en"
"alien-macroinvertebrates-checklist:taxon:2","Ship/boat hull fouling","pathway","Kerckhof F, Cattrijsse A (2001) Exotic Cirripedia (Balanomorpha) from buoys off the Belgian coast. Senckenbergiana maritime 31: 245–254, http://dx.doi.org/10.1007/BF03043033","en"
"alien-macroinvertebrates-checklist:taxon:2","Ship/boat ballast water","pathway","Kerckhof F, Cattrijsse A (2001) Exotic Cirripedia (Balanomorpha) from buoys off the Belgian coast. Senckenbergiana maritime 31: 245–254, http://dx.doi.org/10.1007/BF03043033","en"
"alien-macroinvertebrates-checklist:taxon:2","Contaminant on animals (except parasites, species transported by host/vector)","pathway","Kerckhof F, Cattrijsse A (2001) Exotic Cirripedia (Balanomorpha) from buoys off the Belgian coast. Senckenbergiana maritime 31: 245–254, http://dx.doi.org/10.1007/BF03043033","en"
"alien-macroinvertebrates-checklist:taxon:2","marine","habitat","Kerckhof F, Cattrijsse A (2001) Exotic Cirripedia (Balanomorpha) from buoys off the Belgian coast. Senckenbergiana maritime 31: 245–254, http://dx.doi.org/10.1007/BF03043033","en"
"alien-macroinvertebrates-checklist:taxon:20","Ponto-Caspian","native range","Adam W (1947) Revision des Mollusques de la Belgique. I Mollusques terrestres et dulcicoles. Mémoires du Musée Royal d’Histoire Naturelle de Belgique, 106, 297 pp","en"
"alien-macroinvertebrates-checklist:taxon:20","Interconnected waterways/basins/seas","pathway","Adam W (1947) Revision des Mollusques de la Belgique. I Mollusques terrestres et dulcicoles. Mémoires du Musée Royal d’Histoire Naturelle de Belgique, 106, 297 pp","en"
"alien-macroinvertebrates-checklist:taxon:20","freshwater","habitat","Adam W (1947) Revision des Mollusques de la Belgique. I Mollusques terrestres et dulcicoles. Mémoires du Musée Royal d’Histoire Naturelle de Belgique, 106, 297 pp","en"
"alien-macroinvertebrates-checklist:taxon:21","Ponto-Caspian","native range","Sablon R, Vercauteren T, Jacobs P (2010b) De quaggamossel (Dreissena rostriformis bugensis (Andrusov, 1897)), een recent gevonden invasieve zoetwatermossel in Vlaanderen. ANTenne 4: 32–36","en"
"alien-macroinvertebrates-checklist:taxon:21","Interconnected waterways/basins/seas","pathway","Sablon R, Vercauteren T, Jacobs P (2010b) De quaggamossel (Dreissena rostriformis bugensis (Andrusov, 1897)), een recent gevonden invasieve zoetwatermossel in Vlaanderen. ANTenne 4: 32–36","en"
"alien-macroinvertebrates-checklist:taxon:21","freshwater","habitat","Sablon R, Vercauteren T, Jacobs P (2010b) De quaggamossel (Dreissena rostriformis bugensis (Andrusov, 1897)), een recent gevonden invasieve zoetwatermossel in Vlaanderen. ANTenne 4: 32–36","en"
"alien-macroinvertebrates-checklist:taxon:22","Northern America","native range","Vercauteren T, Sablon S, Wouters K (2006) Exotische ongewervelden in vijvers en grachten van het Provinciaal Groendomein ‘Prinsenpark’. In: Retie: een eerste bilan. In: Nieuwborg H, Rijvers T (eds), Natuurstudie in de provincie Antwerpen. Antwerpse Koepel voor Natuurstudie (ANKONA) Jaarboek 2004–2005, pp 27–39","en"
"alien-macroinvertebrates-checklist:taxon:22","Other means of transport","pathway","Vercauteren T, Sablon S, Wouters K (2006) Exotische ongewervelden in vijvers en grachten van het Provinciaal Groendomein ‘Prinsenpark’. In: Retie: een eerste bilan. In: Nieuwborg H, Rijvers T (eds), Natuurstudie in de provincie Antwerpen. Antwerpse Koepel voor Natuurstudie (ANKONA) Jaarboek 2004–2005, pp 27–39","en"
"alien-macroinvertebrates-checklist:taxon:22","freshwater","habitat","Vercauteren T, Sablon S, Wouters K (2006) Exotische ongewervelden in vijvers en grachten van het Provinciaal Groendomein ‘Prinsenpark’. In: Retie: een eerste bilan. In: Nieuwborg H, Rijvers T (eds), Natuurstudie in de provincie Antwerpen. Antwerpse Koepel voor Natuurstudie (ANKONA) Jaarboek 2004–2005, pp 27–39","en"
"alien-macroinvertebrates-checklist:taxon:23","Southern Europe","native range","Wouters K (2002) On the distribution of alien non-marine and estuarine macro-crustaceans in Belgium. Bulletin van het Koninklijk Belgisch Instituut voor Natuurwetenschappen, Biologie 72: 119–129","en"
"alien-macroinvertebrates-checklist:taxon:23","Interconnected waterways/basins/seas","pathway","Wouters K (2002) On the distribution of alien non-marine and estuarine macro-crustaceans in Belgium. Bulletin van het Koninklijk Belgisch Instituut voor Natuurwetenschappen, Biologie 72: 119–129","en"
"alien-macroinvertebrates-checklist:taxon:23","freshwater","habitat","Wouters K (2002) On the distribution of alien non-marine and estuarine macro-crustaceans in Belgium. Bulletin van het Koninklijk Belgisch Instituut voor Natuurwetenschappen, Biologie 72: 119–129","en"
"alien-macroinvertebrates-checklist:taxon:24","Ponto-Caspian","native range","Boets P, Lock K, Tempelman D, Van Haaren T, Platvoet D, Goethals PLM (2012c) First occurrence of the Ponto-Caspian amphipod Echinogammarus trichiatus (Martynov, 1932) (Crustacea: Gammaridae) in Belgium. BioInvasions Records 1: 115–120, http://dx.doi.org/10.3391/bir.2012.1.2.06","en"
"alien-macroinvertebrates-checklist:taxon:24","Interconnected waterways/basins/seas","pathway","Boets P, Lock K, Tempelman D, Van Haaren T, Platvoet D, Goethals PLM (2012c) First occurrence of the Ponto-Caspian amphipod Echinogammarus trichiatus (Martynov, 1932) (Crustacea: Gammaridae) in Belgium. BioInvasions Records 1: 115–120, http://dx.doi.org/10.3391/bir.2012.1.2.06","en"
"alien-macroinvertebrates-checklist:taxon:24","freshwater","habitat","Boets P, Lock K, Tempelman D, Van Haaren T, Platvoet D, Goethals PLM (2012c) First occurrence of the Ponto-Caspian amphipod Echinogammarus trichiatus (Martynov, 1932) (Crustacea: Gammaridae) in Belgium. BioInvasions Records 1: 115–120, http://dx.doi.org/10.3391/bir.2012.1.2.06","en"
"alien-macroinvertebrates-checklist:taxon:25","Northern America","native range","Kerckhof F, Dumoulin E (1987) Eerste vondsten van de Amerikaanse zwaardschede Ensis directus (Conrad, 1843) langs de Belgische kust. De Strandvlo 7: 51–52 ","en"
"alien-macroinvertebrates-checklist:taxon:25","Ship/boat ballast water","pathway","Kerckhof F, Dumoulin E (1987) Eerste vondsten van de Amerikaanse zwaardschede Ensis directus (Conrad, 1843) langs de Belgische kust. De Strandvlo 7: 51–52 ","en"
"alien-macroinvertebrates-checklist:taxon:25","Other means of transport","pathway","Kerckhof F, Dumoulin E (1987) Eerste vondsten van de Amerikaanse zwaardschede Ensis directus (Conrad, 1843) langs de Belgische kust. De Strandvlo 7: 51–52 ","en"
"alien-macroinvertebrates-checklist:taxon:25","marine","habitat","Kerckhof F, Dumoulin E (1987) Eerste vondsten van de Amerikaanse zwaardschede Ensis directus (Conrad, 1843) langs de Belgische kust. De Strandvlo 7: 51–52 ","en"
"alien-macroinvertebrates-checklist:taxon:26","Southeast Asia","native range","Wouters K (2002) On the distribution of alien non-marine and estuarine macro-crustaceans in Belgium. Bulletin van het Koninklijk Belgisch Instituut voor Natuurwetenschappen, Biologie 72: 119–129","en"
"alien-macroinvertebrates-checklist:taxon:26","Ship/boat ballast water","pathway","Wouters K (2002) On the distribution of alien non-marine and estuarine macro-crustaceans in Belgium. Bulletin van het Koninklijk Belgisch Instituut voor Natuurwetenschappen, Biologie 72: 119–129","en"
"alien-macroinvertebrates-checklist:taxon:26","freshwater","habitat","Wouters K (2002) On the distribution of alien non-marine and estuarine macro-crustaceans in Belgium. Bulletin van het Koninklijk Belgisch Instituut voor Natuurwetenschappen, Biologie 72: 119–129","en"
"alien-macroinvertebrates-checklist:taxon:26","brackish","habitat","Wouters K (2002) On the distribution of alien non-marine and estuarine macro-crustaceans in Belgium. Bulletin van het Koninklijk Belgisch Instituut voor Natuurwetenschappen, Biologie 72: 119–129","en"
"alien-macroinvertebrates-checklist:taxon:27","North Africa","native range","Van Goethem JL, Sablon R (1986) Ferrissia wautieri (Mirolli, 1960), a freshwater limpet new to Belgium (Mollusca, Gastropoda, Ancylidae). Bulletin van het Koninklijk Belgisch Instituut voor Natuurwetenschappen: Biologie 56:155–157","en"
"alien-macroinvertebrates-checklist:taxon:27","Pet/aquarium/terrarium species (including live food for such species )","pathway","Van Goethem JL, Sablon R (1986) Ferrissia wautieri (Mirolli, 1960), a freshwater limpet new to Belgium (Mollusca, Gastropoda, Ancylidae). Bulletin van het Koninklijk Belgisch Instituut voor Natuurwetenschappen: Biologie 56:155–157","en"
"alien-macroinvertebrates-checklist:taxon:27","freshwater","habitat","Van Goethem JL, Sablon R (1986) Ferrissia wautieri (Mirolli, 1960), a freshwater limpet new to Belgium (Mollusca, Gastropoda, Ancylidae). Bulletin van het Koninklijk Belgisch Instituut voor Natuurwetenschappen: Biologie 56:155–157","en"
"alien-macroinvertebrates-checklist:taxon:28","Asia","native range","Leloup E, Lefevere S (1952) Sur la présence dans les eaux de la côte belge du cirripède, Elminius modestus Darwin, 1854, du copepode parasite, Mytilicola intestinalis Steuer, 1902, et du polychète, Mercierella enigmatica Fauvel, 1922. Mededelingen Koninklijk Belgisch Instituut voor Natuur Wetenschappen 28: 1–12","en"
"alien-macroinvertebrates-checklist:taxon:28","Ship/boat ballast water","pathway","Leloup E, Lefevere S (1952) Sur la présence dans les eaux de la côte belge du cirripède, Elminius modestus Darwin, 1854, du copepode parasite, Mytilicola intestinalis Steuer, 1902, et du polychète, Mercierella enigmatica Fauvel, 1922. Mededelingen Koninklijk Belgisch Instituut voor Natuur Wetenschappen 28: 1–12","en"
"alien-macroinvertebrates-checklist:taxon:28","Ship/boat hull fouling","pathway","Leloup E, Lefevere S (1952) Sur la présence dans les eaux de la côte belge du cirripède, Elminius modestus Darwin, 1854, du copepode parasite, Mytilicola intestinalis Steuer, 1902, et du polychète, Mercierella enigmatica Fauvel, 1922. Mededelingen Koninklijk Belgisch Instituut voor Natuur Wetenschappen 28: 1–12","en"
"alien-macroinvertebrates-checklist:taxon:28","freshwater","habitat","Leloup E, Lefevere S (1952) Sur la présence dans les eaux de la côte belge du cirripède, Elminius modestus Darwin, 1854, du copepode parasite, Mytilicola intestinalis Steuer, 1902, et du polychète, Mercierella enigmatica Fauvel, 1922. Mededelingen Koninklijk Belgisch Instituut voor Natuur Wetenschappen 28: 1–12","en"
"alien-macroinvertebrates-checklist:taxon:28","brackish","habitat","Leloup E, Lefevere S (1952) Sur la présence dans les eaux de la côte belge du cirripède, Elminius modestus Darwin, 1854, du copepode parasite, Mytilicola intestinalis Steuer, 1902, et du polychète, Mercierella enigmatica Fauvel, 1922. Mededelingen Koninklijk Belgisch Instituut voor Natuur Wetenschappen 28: 1–12","en"
"alien-macroinvertebrates-checklist:taxon:29","Southern Europe","native range","Collection RBINS","en"
"alien-macroinvertebrates-checklist:taxon:29","Interconnected waterways/basins/seas","pathway","Collection RBINS","en"
"alien-macroinvertebrates-checklist:taxon:29","freshwater","habitat","Collection RBINS","en"
"alien-macroinvertebrates-checklist:taxon:3","Tropical and warm seas","native range","Kerckhof F, Cattrijsse A (2001) Exotic Cirripedia (Balanomorpha) from buoys off the Belgian coast. Senckenbergiana maritime 31: 245–254, http://dx.doi.org/10.1007/BF03043033","en"
"alien-macroinvertebrates-checklist:taxon:3","Ship/boat hull fouling","pathway","Kerckhof F, Cattrijsse A (2001) Exotic Cirripedia (Balanomorpha) from buoys off the Belgian coast. Senckenbergiana maritime 31: 245–254, http://dx.doi.org/10.1007/BF03043033","en"
"alien-macroinvertebrates-checklist:taxon:3","marine","habitat","Kerckhof F, Cattrijsse A (2001) Exotic Cirripedia (Balanomorpha) from buoys off the Belgian coast. Senckenbergiana maritime 31: 245–254, http://dx.doi.org/10.1007/BF03043033","en"
"alien-macroinvertebrates-checklist:taxon:30","Northern America","native range","Messiaen M, Lock K, Gabriels W, Vercauteren T, Wouters K, Boets P, Goethals PLM (2010) Alien macrocrustaceans in freshwater ecosystems in the eastern part of Flanders (Belgium). Belgian Journal of Zoology 140: 30–39","en"
"alien-macroinvertebrates-checklist:taxon:30","Interconnected waterways/basins/seas","pathway","Messiaen M, Lock K, Gabriels W, Vercauteren T, Wouters K, Boets P, Goethals PLM (2010) Alien macrocrustaceans in freshwater ecosystems in the eastern part of Flanders (Belgium). Belgian Journal of Zoology 140: 30–39","en"
"alien-macroinvertebrates-checklist:taxon:30","freshwater","habitat","Messiaen M, Lock K, Gabriels W, Vercauteren T, Wouters K, Boets P, Goethals PLM (2010) Alien macrocrustaceans in freshwater ecosystems in the eastern part of Flanders (Belgium). Belgian Journal of Zoology 140: 30–39","en"
"alien-macroinvertebrates-checklist:taxon:30","brackish","habitat","Messiaen M, Lock K, Gabriels W, Vercauteren T, Wouters K, Boets P, Goethals PLM (2010) Alien macrocrustaceans in freshwater ecosystems in the eastern part of Flanders (Belgium). Belgian Journal of Zoology 140: 30–39","en"
"alien-macroinvertebrates-checklist:taxon:31","Northern America","native range","Nuyttens F, Versele G, Loones MA (2006) De aanwezigheid van de penseelkrab Hemigrapsus takanoi en de blaasjeskrab Hemigrapsus sanguineus in NieuwpoortBad. De strandvlo 26: 114–115","en"
"alien-macroinvertebrates-checklist:taxon:31","Ship/boat hull fouling","pathway","Nuyttens F, Versele G, Loones MA (2006) De aanwezigheid van de penseelkrab Hemigrapsus takanoi en de blaasjeskrab Hemigrapsus sanguineus in NieuwpoortBad. De strandvlo 26: 114–115","en"
"alien-macroinvertebrates-checklist:taxon:31","Ship/boat ballast water","pathway","Nuyttens F, Versele G, Loones MA (2006) De aanwezigheid van de penseelkrab Hemigrapsus takanoi en de blaasjeskrab Hemigrapsus sanguineus in NieuwpoortBad. De strandvlo 26: 114–115","en"
"alien-macroinvertebrates-checklist:taxon:31","marine","habitat","Nuyttens F, Versele G, Loones MA (2006) De aanwezigheid van de penseelkrab Hemigrapsus takanoi en de blaasjeskrab Hemigrapsus sanguineus in NieuwpoortBad. De strandvlo 26: 114–115","en"
"alien-macroinvertebrates-checklist:taxon:32","Northern America","native range","Dumoulin E (2004) Snelle areaaluitbreiding van het penseelkrabbetje Hemigrapsus penicillatus (de Haan, 1835) langs de kusten van de Zuidelijke Bocht van de Noordzee, status van haar opmars in de Westerschelde en beschouwingen over de ecologie en het gedrag van de soort. De Strandvlo 24(1): 5-35","en"
"alien-macroinvertebrates-checklist:taxon:32","Ship/boat hull fouling","pathway","Dumoulin E (2004) Snelle areaaluitbreiding van het penseelkrabbetje Hemigrapsus penicillatus (de Haan, 1835) langs de kusten van de Zuidelijke Bocht van de Noordzee, status van haar opmars in de Westerschelde en beschouwingen over de ecologie en het gedrag van de soort. De Strandvlo 24(1): 5-35","en"
"alien-macroinvertebrates-checklist:taxon:32","Ship/boat ballast water","pathway","Dumoulin E (2004) Snelle areaaluitbreiding van het penseelkrabbetje Hemigrapsus penicillatus (de Haan, 1835) langs de kusten van de Zuidelijke Bocht van de Noordzee, status van haar opmars in de Westerschelde en beschouwingen over de ecologie en het gedrag van de soort. De Strandvlo 24(1): 5-35","en"
"alien-macroinvertebrates-checklist:taxon:32","marine","habitat","Dumoulin E (2004) Snelle areaaluitbreiding van het penseelkrabbetje Hemigrapsus penicillatus (de Haan, 1835) langs de kusten van de Zuidelijke Bocht van de Noordzee, status van haar opmars in de Westerschelde en beschouwingen over de ecologie en het gedrag van de soort. De Strandvlo 24(1): 5-35","en"
"alien-macroinvertebrates-checklist:taxon:33","Ponto-Caspian","native range","Verslycke T, Janssen C, Lock K, Mees J (2000) First occurrence of the Pontocaspian invader Hemimysis anomala (Sars, 1907) in Belgium (Crustacea: Mysidacea). Belgian Journal of Zoology 130: 157–158","en"
"alien-macroinvertebrates-checklist:taxon:33","Ship/boat ballast water","pathway","Verslycke T, Janssen C, Lock K, Mees J (2000) First occurrence of the Pontocaspian invader Hemimysis anomala (Sars, 1907) in Belgium (Crustacea: Mysidacea). Belgian Journal of Zoology 130: 157–158","en"
"alien-macroinvertebrates-checklist:taxon:33","Other means of transport","pathway","Verslycke T, Janssen C, Lock K, Mees J (2000) First occurrence of the Pontocaspian invader Hemimysis anomala (Sars, 1907) in Belgium (Crustacea: Mysidacea). Belgian Journal of Zoology 130: 157–158","en"
"alien-macroinvertebrates-checklist:taxon:33","freshwater","habitat","Verslycke T, Janssen C, Lock K, Mees J (2000) First occurrence of the Pontocaspian invader Hemimysis anomala (Sars, 1907) in Belgium (Crustacea: Mysidacea). Belgian Journal of Zoology 130: 157–158","en"
"alien-macroinvertebrates-checklist:taxon:33","brackish","habitat","Verslycke T, Janssen C, Lock K, Mees J (2000) First occurrence of the Pontocaspian invader Hemimysis anomala (Sars, 1907) in Belgium (Crustacea: Mysidacea). Belgian Journal of Zoology 130: 157–158","en"
"alien-macroinvertebrates-checklist:taxon:34","Ponto-Caspian","native range","Vercauteren T, De Smedt S, Warmoes T, Goddeeris B, Wouters K (2005) Drie nieuwe Ponto-Kaspische inwijkelingen dringen door tot in kanalen in de provincie Antwerpen: de zoetwaterpolychaet Hypania invalida (Grube, 1860) en, voor het eerst in België, de platworm Dendrocoelum romanodanubiale (Codreanu, 1949) en de Donaupissebed Jaera istri Veuille, 1979. In: Nieuwborg H (ed), Natuurstudie in de provincie Antwerpen. Antwerpse Koepel voor Natuurstudie (ANKONA) Jaarboek 2003, pp 83–97","en"
"alien-macroinvertebrates-checklist:taxon:34","Ship/boat hull fouling","pathway","Vercauteren T, De Smedt S, Warmoes T, Goddeeris B, Wouters K (2005) Drie nieuwe Ponto-Kaspische inwijkelingen dringen door tot in kanalen in de provincie Antwerpen: de zoetwaterpolychaet Hypania invalida (Grube, 1860) en, voor het eerst in België, de platworm Dendrocoelum romanodanubiale (Codreanu, 1949) en de Donaupissebed Jaera istri Veuille, 1979. In: Nieuwborg H (ed), Natuurstudie in de provincie Antwerpen. Antwerpse Koepel voor Natuurstudie (ANKONA) Jaarboek 2003, pp 83–97","en"
"alien-macroinvertebrates-checklist:taxon:34","freshwater","habitat","Vercauteren T, De Smedt S, Warmoes T, Goddeeris B, Wouters K (2005) Drie nieuwe Ponto-Kaspische inwijkelingen dringen door tot in kanalen in de provincie Antwerpen: de zoetwaterpolychaet Hypania invalida (Grube, 1860) en, voor het eerst in België, de platworm Dendrocoelum romanodanubiale (Codreanu, 1949) en de Donaupissebed Jaera istri Veuille, 1979. In: Nieuwborg H (ed), Natuurstudie in de provincie Antwerpen. Antwerpse Koepel voor Natuurstudie (ANKONA) Jaarboek 2003, pp 83–97","en"
"alien-macroinvertebrates-checklist:taxon:35","Northern America","native range","Faasse M, Van Moorsel G (2003) The North-American amphipods, Melita nitida Smith, 1873 and Incisocalliope aestuarius (Watling and Maurer, 1973) (Crustacea: Amphipoda: Gammaridea), introduced to the western Scheldt estuary (The Netherlands). Aquatic Ecology 37: 13–22, http://dx.doi.org/10.1023/A:1022120729031","en"
"alien-macroinvertebrates-checklist:taxon:35","Ship/boat ballast water","pathway","Faasse M, Van Moorsel G (2003) The North-American amphipods, Melita nitida Smith, 1873 and Incisocalliope aestuarius (Watling and Maurer, 1973) (Crustacea: Amphipoda: Gammaridea), introduced to the western Scheldt estuary (The Netherlands). Aquatic Ecology 37: 13–22, http://dx.doi.org/10.1023/A:1022120729031","en"
"alien-macroinvertebrates-checklist:taxon:35","brackish","habitat","Faasse M, Van Moorsel G (2003) The North-American amphipods, Melita nitida Smith, 1873 and Incisocalliope aestuarius (Watling and Maurer, 1973) (Crustacea: Amphipoda: Gammaridea), introduced to the western Scheldt estuary (The Netherlands). Aquatic Ecology 37: 13–22, http://dx.doi.org/10.1023/A:1022120729031","en"
"alien-macroinvertebrates-checklist:taxon:35","marine","habitat","Faasse M, Van Moorsel G (2003) The North-American amphipods, Melita nitida Smith, 1873 and Incisocalliope aestuarius (Watling and Maurer, 1973) (Crustacea: Amphipoda: Gammaridea), introduced to the western Scheldt estuary (The Netherlands). Aquatic Ecology 37: 13–22, http://dx.doi.org/10.1023/A:1022120729031","en"
"alien-macroinvertebrates-checklist:taxon:36","Ponto-Caspian","native range","Messiaen M, Lock K, Gabriels W, Vercauteren T, Wouters K, Boets P, Goethals PLM (2010) Alien macrocrustaceans in freshwater ecosystems in the eastern part of Flanders (Belgium). Belgian Journal of Zoology 140: 30–39","en"
"alien-macroinvertebrates-checklist:taxon:36","Interconnected waterways/basins/seas","pathway","Messiaen M, Lock K, Gabriels W, Vercauteren T, Wouters K, Boets P, Goethals PLM (2010) Alien macrocrustaceans in freshwater ecosystems in the eastern part of Flanders (Belgium). Belgian Journal of Zoology 140: 30–39","en"
"alien-macroinvertebrates-checklist:taxon:36","freshwater","habitat","Messiaen M, Lock K, Gabriels W, Vercauteren T, Wouters K, Boets P, Goethals PLM (2010) Alien macrocrustaceans in freshwater ecosystems in the eastern part of Flanders (Belgium). Belgian Journal of Zoology 140: 30–39","en"
"alien-macroinvertebrates-checklist:taxon:37","Australia","native range","Boets P, Brosens D, Lock K, Adriaens T, Aelterman B, Mertens J & Goethals P. 2016. Alien macroinvertebrates in Flanders (Belgium). Aquatic Invasions 11 (2): 131–144. https://doi.org/10.3391/ai.2016.11.2.03","en"
"alien-macroinvertebrates-checklist:taxon:37","Ship/boat ballast water","pathway","Boets P, Brosens D, Lock K, Adriaens T, Aelterman B, Mertens J & Goethals P. 2016. Alien macroinvertebrates in Flanders (Belgium). Aquatic Invasions 11 (2): 131–144. https://doi.org/10.3391/ai.2016.11.2.03","en"
"alien-macroinvertebrates-checklist:taxon:37","freshwater","habitat","Boets P, Brosens D, Lock K, Adriaens T, Aelterman B, Mertens J & Goethals P. 2016. Alien macroinvertebrates in Flanders (Belgium). Aquatic Invasions 11 (2): 131–144. https://doi.org/10.3391/ai.2016.11.2.03","en"
"alien-macroinvertebrates-checklist:taxon:37","brackish","habitat","Boets P, Brosens D, Lock K, Adriaens T, Aelterman B, Mertens J & Goethals P. 2016. Alien macroinvertebrates in Flanders (Belgium). Aquatic Invasions 11 (2): 131–144. https://doi.org/10.3391/ai.2016.11.2.03","en"
"alien-macroinvertebrates-checklist:taxon:38","Northern America","native range","Soors J, van Haaren T, Timm T, Speybroeck J (2013) Bratislavia dadayi (Michaelsen, 1905) (Annelida: Clitellata: Naididae): a new non-indigenous species for Europe, and other non-native annelids in the Schelde estuary. Aquatic Invasions 8: 37–44, http://dx.doi.org/10.3391/ai.2013.8.1.04","en"
"alien-macroinvertebrates-checklist:taxon:38","Ship/boat ballast water","pathway","Soors J, van Haaren T, Timm T, Speybroeck J (2013) Bratislavia dadayi (Michaelsen, 1905) (Annelida: Clitellata: Naididae): a new non-indigenous species for Europe, and other non-native annelids in the Schelde estuary. Aquatic Invasions 8: 37–44, http://dx.doi.org/10.3391/ai.2013.8.1.04","en"
"alien-macroinvertebrates-checklist:taxon:38","freshwater","habitat","Soors J, van Haaren T, Timm T, Speybroeck J (2013) Bratislavia dadayi (Michaelsen, 1905) (Annelida: Clitellata: Naididae): a new non-indigenous species for Europe, and other non-native annelids in the Schelde estuary. Aquatic Invasions 8: 37–44, http://dx.doi.org/10.3391/ai.2013.8.1.04","en"
"alien-macroinvertebrates-checklist:taxon:39","Ponto-Caspian","native range","Lock K, Van Wichelen J, Packet J, Simoens I, Van Looy K, Louette G, Warmoes T, Denys L (2007) Bepalen van het maximaal en het goed ecologisch potentieel, alsook de huidige toestand, voor een aantal Vlaamse (gewestelijke) waterlichamen die vergelijkbaar zijn met de categorie meren - Deel I. Report Institute of Nature Conservation 2007/51, Brussels","en"
"alien-macroinvertebrates-checklist:taxon:39","Interconnected waterways/basins/seas","pathway","Lock K, Van Wichelen J, Packet J, Simoens I, Van Looy K, Louette G, Warmoes T, Denys L (2007) Bepalen van het maximaal en het goed ecologisch potentieel, alsook de huidige toestand, voor een aantal Vlaamse (gewestelijke) waterlichamen die vergelijkbaar zijn met de categorie meren - Deel I. Report Institute of Nature Conservation 2007/51, Brussels","en"
"alien-macroinvertebrates-checklist:taxon:39","freshwater","habitat","Lock K, Van Wichelen J, Packet J, Simoens I, Van Looy K, Louette G, Warmoes T, Denys L (2007) Bepalen van het maximaal en het goed ecologisch potentieel, alsook de huidige toestand, voor een aantal Vlaamse (gewestelijke) waterlichamen die vergelijkbaar zijn met de categorie meren - Deel I. Report Institute of Nature Conservation 2007/51, Brussels","en"
"alien-macroinvertebrates-checklist:taxon:4","Eastern Europe","native range","Gérard P (1986) Les différentes espèces d'écrevisses en Belgique et leur répartition géographique. Station de Recherche Forestière et Hydrobiologique. Travaux serie D 54, 25 p","en"
"alien-macroinvertebrates-checklist:taxon:4","Aquaculture","pathway","Gérard P (1986) Les différentes espèces d'écrevisses en Belgique et leur répartition géographique. Station de Recherche Forestière et Hydrobiologique. Travaux serie D 54, 25 p","en"
"alien-macroinvertebrates-checklist:taxon:4","freshwater","habitat","Gérard P (1986) Les différentes espèces d'écrevisses en Belgique et leur répartition géographique. Station de Recherche Forestière et Hydrobiologique. Travaux serie D 54, 25 p","en"
"alien-macroinvertebrates-checklist:taxon:40","Ponto-Caspian","native range","Adam W (1947) Revision des Mollusques de la Belgique. I Mollusques terrestres et dulcicoles. Mémoires du Musée Royal d’Histoire Naturelle de Belgique, 106, 297 pp","en"
"alien-macroinvertebrates-checklist:taxon:40","Interconnected waterways/basins/seas","pathway","Adam W (1947) Revision des Mollusques de la Belgique. I Mollusques terrestres et dulcicoles. Mémoires du Musée Royal d’Histoire Naturelle de Belgique, 106, 297 pp","en"
"alien-macroinvertebrates-checklist:taxon:40","freshwater","habitat","Adam W (1947) Revision des Mollusques de la Belgique. I Mollusques terrestres et dulcicoles. Mémoires du Musée Royal d’Histoire Naturelle de Belgique, 106, 297 pp","en"
"alien-macroinvertebrates-checklist:taxon:41","Northern America","native range","Soors J, van Haaren T, Timm T, Speybroeck J (2013) Bratislavia dadayi (Michaelsen, 1905) (Annelida: Clitellata: Naididae): a new non-indigenous species for Europe, and other non-native annelids in the Schelde estuary. Aquatic Invasions 8: 37–44, http://dx.doi.org/10.3391/ai.2013.8.1.04","en"
"alien-macroinvertebrates-checklist:taxon:41","Ship/boat ballast water","pathway","Soors J, van Haaren T, Timm T, Speybroeck J (2013) Bratislavia dadayi (Michaelsen, 1905) (Annelida: Clitellata: Naididae): a new non-indigenous species for Europe, and other non-native annelids in the Schelde estuary. Aquatic Invasions 8: 37–44, http://dx.doi.org/10.3391/ai.2013.8.1.04","en"
"alien-macroinvertebrates-checklist:taxon:41","brackish","habitat","Soors J, van Haaren T, Timm T, Speybroeck J (2013) Bratislavia dadayi (Michaelsen, 1905) (Annelida: Clitellata: Naididae): a new non-indigenous species for Europe, and other non-native annelids in the Schelde estuary. Aquatic Invasions 8: 37–44, http://dx.doi.org/10.3391/ai.2013.8.1.04","en"
"alien-macroinvertebrates-checklist:taxon:42","Northern America","native range","Ysebaert T, Meire P, De Block M, De Regge N, Soors J (1997) A first record of Marenzelleria viridis (Verril, 1873) (Polychaeta, Spionidae) in the Schelde estuary (Belgium). Biologisch Jaarboek (Dodonaea) 64: 176–181","en"
"alien-macroinvertebrates-checklist:taxon:42","Ship/boat ballast water","pathway","Ysebaert T, Meire P, De Block M, De Regge N, Soors J (1997) A first record of Marenzelleria viridis (Verril, 1873) (Polychaeta, Spionidae) in the Schelde estuary (Belgium). Biologisch Jaarboek (Dodonaea) 64: 176–181","en"
"alien-macroinvertebrates-checklist:taxon:42","brackish","habitat","Ysebaert T, Meire P, De Block M, De Regge N, Soors J (1997) A first record of Marenzelleria viridis (Verril, 1873) (Polychaeta, Spionidae) in the Schelde estuary (Belgium). Biologisch Jaarboek (Dodonaea) 64: 176–181","en"
"alien-macroinvertebrates-checklist:taxon:43","South America","native range","Kerckhof F, Cattrijsse A (2001) Exotic Cirripedia (Balanomorpha) from buoys off the Belgian coast. Senckenbergiana maritime 31: 245–254, http://dx.doi.org/10.1007/BF03043033","en"
"alien-macroinvertebrates-checklist:taxon:43","Ship/boat hull fouling","pathway","Kerckhof F, Cattrijsse A (2001) Exotic Cirripedia (Balanomorpha) from buoys off the Belgian coast. Senckenbergiana maritime 31: 245–254, http://dx.doi.org/10.1007/BF03043033","en"
"alien-macroinvertebrates-checklist:taxon:43","marine","habitat","Kerckhof F, Cattrijsse A (2001) Exotic Cirripedia (Balanomorpha) from buoys off the Belgian coast. Senckenbergiana maritime 31: 245–254, http://dx.doi.org/10.1007/BF03043033","en"
"alien-macroinvertebrates-checklist:taxon:44","West Africa","native range","Kerckhof F, Cattrijsse A (2001) Exotic Cirripedia (Balanomorpha) from buoys off the Belgian coast. Senckenbergiana maritime 31: 245–254, http://dx.doi.org/10.1007/BF03043033","en"
"alien-macroinvertebrates-checklist:taxon:44","Indo-Pacific","native range","Kerckhof F, Cattrijsse A (2001) Exotic Cirripedia (Balanomorpha) from buoys off the Belgian coast. Senckenbergiana maritime 31: 245–254, http://dx.doi.org/10.1007/BF03043033","en"
"alien-macroinvertebrates-checklist:taxon:44","Ship/boat hull fouling","pathway","Kerckhof F, Cattrijsse A (2001) Exotic Cirripedia (Balanomorpha) from buoys off the Belgian coast. Senckenbergiana maritime 31: 245–254, http://dx.doi.org/10.1007/BF03043033","en"
"alien-macroinvertebrates-checklist:taxon:44","marine","habitat","Kerckhof F, Cattrijsse A (2001) Exotic Cirripedia (Balanomorpha) from buoys off the Belgian coast. Senckenbergiana maritime 31: 245–254, http://dx.doi.org/10.1007/BF03043033","en"
"alien-macroinvertebrates-checklist:taxon:45","Northern America","native range","Faasse M, Van Moorsel G (2003) The North-American amphipods, Melita nitida Smith, 1873 and Incisocalliope aestuarius (Watling and Maurer, 1973) (Crustacea: Amphipoda: Gammaridea), introduced to the western Scheldt estuary (The Netherlands). Aquatic Ecology 37: 13–22, http://dx.doi.org/10.1023/A:1022120729031","en"
"alien-macroinvertebrates-checklist:taxon:45","Ship/boat hull fouling","pathway","Faasse M, Van Moorsel G (2003) The North-American amphipods, Melita nitida Smith, 1873 and Incisocalliope aestuarius (Watling and Maurer, 1973) (Crustacea: Amphipoda: Gammaridea), introduced to the western Scheldt estuary (The Netherlands). Aquatic Ecology 37: 13–22, http://dx.doi.org/10.1023/A:1022120729031","en"
"alien-macroinvertebrates-checklist:taxon:45","Ship/boat ballast water","pathway","Faasse M, Van Moorsel G (2003) The North-American amphipods, Melita nitida Smith, 1873 and Incisocalliope aestuarius (Watling and Maurer, 1973) (Crustacea: Amphipoda: Gammaridea), introduced to the western Scheldt estuary (The Netherlands). Aquatic Ecology 37: 13–22, http://dx.doi.org/10.1023/A:1022120729031","en"
"alien-macroinvertebrates-checklist:taxon:45","marine","habitat","Faasse M, Van Moorsel G (2003) The North-American amphipods, Melita nitida Smith, 1873 and Incisocalliope aestuarius (Watling and Maurer, 1973) (Crustacea: Amphipoda: Gammaridea), introduced to the western Scheldt estuary (The Netherlands). Aquatic Ecology 37: 13–22, http://dx.doi.org/10.1023/A:1022120729031","en"
"alien-macroinvertebrates-checklist:taxon:46","Northern America","native range","Sablon R, Vercauteren T, Lammens S, Ghyselbrecht E (2010a) Freshwater Molluscs introduced in Belgium in the last two Decades – Abstracts of the World Congress of Malacology, Phuket, Thailand, 18–24 July 2010, p 353","en"
"alien-macroinvertebrates-checklist:taxon:46","Interconnected waterways/basins/seas","pathway","Sablon R, Vercauteren T, Lammens S, Ghyselbrecht E (2010a) Freshwater Molluscs introduced in Belgium in the last two Decades – Abstracts of the World Congress of Malacology, Phuket, Thailand, 18–24 July 2010, p 353","en"
"alien-macroinvertebrates-checklist:taxon:46","freshwater","habitat","Sablon R, Vercauteren T, Lammens S, Ghyselbrecht E (2010a) Freshwater Molluscs introduced in Belgium in the last two Decades – Abstracts of the World Congress of Malacology, Phuket, Thailand, 18–24 July 2010, p 353","en"
"alien-macroinvertebrates-checklist:taxon:47","Northern America","native range","Vandepitte L, De Poorter D, Lescrauweart A-N, Fockedey N, Mees J (2012) Niet-inheemse soorten van het Belgisch deel van de Noordzee en aanpalende estuaria. VLIZ Special publication 59. Vlaams Instituut voor de Zee (VLIZ): Oostende België, 372 pp","en"
"alien-macroinvertebrates-checklist:taxon:47","Ship/boat ballast water","pathway","Vandepitte L, De Poorter D, Lescrauweart A-N, Fockedey N, Mees J (2012) Niet-inheemse soorten van het Belgisch deel van de Noordzee en aanpalende estuaria. VLIZ Special publication 59. Vlaams Instituut voor de Zee (VLIZ): Oostende België, 372 pp","en"
"alien-macroinvertebrates-checklist:taxon:47","marine","habitat","Vandepitte L, De Poorter D, Lescrauweart A-N, Fockedey N, Mees J (2012) Niet-inheemse soorten van het Belgisch deel van de Noordzee en aanpalende estuaria. VLIZ Special publication 59. Vlaams Instituut voor de Zee (VLIZ): Oostende België, 372 pp","en"
"alien-macroinvertebrates-checklist:taxon:48","New Zealand","native range","Dewicke A (2002) Hyperbenthic communities of the North Sea. PhD Thesis. Universiteit Gent (RUG): Gent, 219 pp Dumortier M, De Bruyn L, Hens M, Peymen J, Schneiders A, Van Daele T, Van Reeth W (2007) Biodiversity Indicators 2007. State of Nature in Flanders (Belgium). Research Institute for Nature and Forest, Brussels, Belgium","en"
"alien-macroinvertebrates-checklist:taxon:48","Ship/boat hull fouling","pathway","Dewicke A (2002) Hyperbenthic communities of the North Sea. PhD Thesis. Universiteit Gent (RUG): Gent, 219 pp Dumortier M, De Bruyn L, Hens M, Peymen J, Schneiders A, Van Daele T, Van Reeth W (2007) Biodiversity Indicators 2007. State of Nature in Flanders (Belgium). Research Institute for Nature and Forest, Brussels, Belgium","en"
"alien-macroinvertebrates-checklist:taxon:48","Ship/boat ballast water","pathway","Dewicke A (2002) Hyperbenthic communities of the North Sea. PhD Thesis. Universiteit Gent (RUG): Gent, 219 pp Dumortier M, De Bruyn L, Hens M, Peymen J, Schneiders A, Van Daele T, Van Reeth W (2007) Biodiversity Indicators 2007. State of Nature in Flanders (Belgium). Research Institute for Nature and Forest, Brussels, Belgium","en"
"alien-macroinvertebrates-checklist:taxon:48","Contaminant on animals (except parasites, species transported by host/vector)","pathway","Dewicke A (2002) Hyperbenthic communities of the North Sea. PhD Thesis. Universiteit Gent (RUG): Gent, 219 pp Dumortier M, De Bruyn L, Hens M, Peymen J, Schneiders A, Van Daele T, Van Reeth W (2007) Biodiversity Indicators 2007. State of Nature in Flanders (Belgium). Research Institute for Nature and Forest, Brussels, Belgium","en"
"alien-macroinvertebrates-checklist:taxon:48","brackish","habitat","Dewicke A (2002) Hyperbenthic communities of the North Sea. PhD Thesis. Universiteit Gent (RUG): Gent, 219 pp Dumortier M, De Bruyn L, Hens M, Peymen J, Schneiders A, Van Daele T, Van Reeth W (2007) Biodiversity Indicators 2007. State of Nature in Flanders (Belgium). Research Institute for Nature and Forest, Brussels, Belgium","en"
"alien-macroinvertebrates-checklist:taxon:48","marine","habitat","Dewicke A (2002) Hyperbenthic communities of the North Sea. PhD Thesis. Universiteit Gent (RUG): Gent, 219 pp Dumortier M, De Bruyn L, Hens M, Peymen J, Schneiders A, Van Daele T, Van Reeth W (2007) Biodiversity Indicators 2007. State of Nature in Flanders (Belgium). Research Institute for Nature and Forest, Brussels, Belgium","en"
"alien-macroinvertebrates-checklist:taxon:49","Asia","native range","Soors J, van Haaren T, Timm T, Speybroeck J (2013) Bratislavia dadayi (Michaelsen, 1905) (Annelida: Clitellata: Naididae): a new non-indigenous species for Europe, and other non-native annelids in the Schelde estuary. Aquatic Invasions 8: 37–44, http://dx.doi.org/10.3391/ai.2013.8.1.04","en"
"alien-macroinvertebrates-checklist:taxon:49","Ship/boat ballast water","pathway","Soors J, van Haaren T, Timm T, Speybroeck J (2013) Bratislavia dadayi (Michaelsen, 1905) (Annelida: Clitellata: Naididae): a new non-indigenous species for Europe, and other non-native annelids in the Schelde estuary. Aquatic Invasions 8: 37–44, http://dx.doi.org/10.3391/ai.2013.8.1.04","en"
"alien-macroinvertebrates-checklist:taxon:49","freshwater","habitat","Soors J, van Haaren T, Timm T, Speybroeck J (2013) Bratislavia dadayi (Michaelsen, 1905) (Annelida: Clitellata: Naididae): a new non-indigenous species for Europe, and other non-native annelids in the Schelde estuary. Aquatic Invasions 8: 37–44, http://dx.doi.org/10.3391/ai.2013.8.1.04","en"
"alien-macroinvertebrates-checklist:taxon:5","Southern Europe","native range","Wouters K (2002) On the distribution of alien non-marine and estuarine macro-crustaceans in Belgium. Bulletin van het Koninklijk Belgisch Instituut voor Natuurwetenschappen, Biologie 72: 119–129","en"
"alien-macroinvertebrates-checklist:taxon:5","Pet/aquarium/terrarium species (including live food for such species )","pathway","Wouters K (2002) On the distribution of alien non-marine and estuarine macro-crustaceans in Belgium. Bulletin van het Koninklijk Belgisch Instituut voor Natuurwetenschappen, Biologie 72: 119–129","en"
"alien-macroinvertebrates-checklist:taxon:5","freshwater","habitat","Wouters K (2002) On the distribution of alien non-marine and estuarine macro-crustaceans in Belgium. Bulletin van het Koninklijk Belgisch Instituut voor Natuurwetenschappen, Biologie 72: 119–129","en"
"alien-macroinvertebrates-checklist:taxon:50","Northern America","native range","Kerckhof F, Haelters J, Gollasch S (2007) Alien species in the marine and brackish ecosystem: the situation in Belgian waters. Aquatic Invasions 2: 243–257, http://dx.doi.org/10.3391/ai.2007.2.3.9","en"
"alien-macroinvertebrates-checklist:taxon:50","Ship/boat hull fouling","pathway","Kerckhof F, Haelters J, Gollasch S (2007) Alien species in the marine and brackish ecosystem: the situation in Belgian waters. Aquatic Invasions 2: 243–257, http://dx.doi.org/10.3391/ai.2007.2.3.9","en"
"alien-macroinvertebrates-checklist:taxon:50","Ship/boat ballast water","pathway","Kerckhof F, Haelters J, Gollasch S (2007) Alien species in the marine and brackish ecosystem: the situation in Belgian waters. Aquatic Invasions 2: 243–257, http://dx.doi.org/10.3391/ai.2007.2.3.9","en"
"alien-macroinvertebrates-checklist:taxon:50","Contaminant on animals (except parasites, species transported by host/vector)","pathway","Kerckhof F, Haelters J, Gollasch S (2007) Alien species in the marine and brackish ecosystem: the situation in Belgian waters. Aquatic Invasions 2: 243–257, http://dx.doi.org/10.3391/ai.2007.2.3.9","en"
"alien-macroinvertebrates-checklist:taxon:50","marine","habitat","Kerckhof F, Haelters J, Gollasch S (2007) Alien species in the marine and brackish ecosystem: the situation in Belgian waters. Aquatic Invasions 2: 243–257, http://dx.doi.org/10.3391/ai.2007.2.3.9","en"
"alien-macroinvertebrates-checklist:taxon:51","Northern America","native range","Nyst HJP (1835) Mollusques. Bulletin des Academies Royal des Sciences Lettres et Beaux Arts 2: 235–236 | Adam W (1947) Revision des Mollusques de la Belgique. I Mollusques terrestres et dulcicoles. Mémoires du Musée Royal d’Histoire Naturelle de Belgique, 106, 297 pp","en"
"alien-macroinvertebrates-checklist:taxon:51","Ship/boat hull fouling","pathway","Nyst HJP (1835) Mollusques. Bulletin des Academies Royal des Sciences Lettres et Beaux Arts 2: 235–236 | Adam W (1947) Revision des Mollusques de la Belgique. I Mollusques terrestres et dulcicoles. Mémoires du Musée Royal d’Histoire Naturelle de Belgique, 106, 297 pp","en"
"alien-macroinvertebrates-checklist:taxon:51","Ship/boat ballast water","pathway","Nyst HJP (1835) Mollusques. Bulletin des Academies Royal des Sciences Lettres et Beaux Arts 2: 235–236 | Adam W (1947) Revision des Mollusques de la Belgique. I Mollusques terrestres et dulcicoles. Mémoires du Musée Royal d’Histoire Naturelle de Belgique, 106, 297 pp","en"
"alien-macroinvertebrates-checklist:taxon:51","freshwater","habitat","Nyst HJP (1835) Mollusques. Bulletin des Academies Royal des Sciences Lettres et Beaux Arts 2: 235–236 | Adam W (1947) Revision des Mollusques de la Belgique. I Mollusques terrestres et dulcicoles. Mémoires du Musée Royal d’Histoire Naturelle de Belgique, 106, 297 pp","en"
"alien-macroinvertebrates-checklist:taxon:51","brackish","habitat","Nyst HJP (1835) Mollusques. Bulletin des Academies Royal des Sciences Lettres et Beaux Arts 2: 235–236 | Adam W (1947) Revision des Mollusques de la Belgique. I Mollusques terrestres et dulcicoles. Mémoires du Musée Royal d’Histoire Naturelle de Belgique, 106, 297 pp","en"
"alien-macroinvertebrates-checklist:taxon:52","Ponto-Caspian","native range","Wouters K (2002) On the distribution of alien non-marine and estuarine macro-crustaceans in Belgium. Bulletin van het Koninklijk Belgisch Instituut voor Natuurwetenschappen, Biologie 72: 119–129","en"
"alien-macroinvertebrates-checklist:taxon:52","Interconnected waterways/basins/seas","pathway","Wouters K (2002) On the distribution of alien non-marine and estuarine macro-crustaceans in Belgium. Bulletin van het Koninklijk Belgisch Instituut voor Natuurwetenschappen, Biologie 72: 119–129","en"
"alien-macroinvertebrates-checklist:taxon:52","freshwater","habitat","Wouters K (2002) On the distribution of alien non-marine and estuarine macro-crustaceans in Belgium. Bulletin van het Koninklijk Belgisch Instituut voor Natuurwetenschappen, Biologie 72: 119–129","en"
"alien-macroinvertebrates-checklist:taxon:52","brackish","habitat","Wouters K (2002) On the distribution of alien non-marine and estuarine macro-crustaceans in Belgium. Bulletin van het Koninklijk Belgisch Instituut voor Natuurwetenschappen, Biologie 72: 119–129","en"
"alien-macroinvertebrates-checklist:taxon:53","Northern America","native range","Wouters K (2002) On the distribution of alien non-marine and estuarine macro-crustaceans in Belgium. Bulletin van het Koninklijk Belgisch Instituut voor Natuurwetenschappen, Biologie 72: 119–129","en"
"alien-macroinvertebrates-checklist:taxon:53","Aquaculture","pathway","Wouters K (2002) On the distribution of alien non-marine and estuarine macro-crustaceans in Belgium. Bulletin van het Koninklijk Belgisch Instituut voor Natuurwetenschappen, Biologie 72: 119–129","en"
"alien-macroinvertebrates-checklist:taxon:53","Pet/aquarium/terrarium species (including live food for such species )","pathway","Wouters K (2002) On the distribution of alien non-marine and estuarine macro-crustaceans in Belgium. Bulletin van het Koninklijk Belgisch Instituut voor Natuurwetenschappen, Biologie 72: 119–129","en"
"alien-macroinvertebrates-checklist:taxon:53","freshwater","habitat","Wouters K (2002) On the distribution of alien non-marine and estuarine macro-crustaceans in Belgium. Bulletin van het Koninklijk Belgisch Instituut voor Natuurwetenschappen, Biologie 72: 119–129","en"
"alien-macroinvertebrates-checklist:taxon:54","Northern America","native range","Gérard P (1986) Les différentes espèces d'écrevisses en Belgique et leur répartition géographique. Station de Recherche Forestière et Hydrobiologique. Travaux serie D 54, 25 p","en"
"alien-macroinvertebrates-checklist:taxon:54","Aquaculture","pathway","Gérard P (1986) Les différentes espèces d'écrevisses en Belgique et leur répartition géographique. Station de Recherche Forestière et Hydrobiologique. Travaux serie D 54, 25 p","en"
"alien-macroinvertebrates-checklist:taxon:54","freshwater","habitat","Gérard P (1986) Les différentes espèces d'écrevisses en Belgique et leur répartition géographique. Station de Recherche Forestière et Hydrobiologique. Travaux serie D 54, 25 p","en"
"alien-macroinvertebrates-checklist:taxon:55","Southeast Asia","native range","Boets P, Lock K, Goethals PLM (2011b) Shifts in the gammarid (Amphipoda) fauna of brackish polder waters in Flanders (Belgium). Journal of Crustacean Biology 31: 270–277, http://dx.doi.org/10.1651/10-3357.1","en"
"alien-macroinvertebrates-checklist:taxon:55","Ship/boat ballast water","pathway","Boets P, Lock K, Goethals PLM (2011b) Shifts in the gammarid (Amphipoda) fauna of brackish polder waters in Flanders (Belgium). Journal of Crustacean Biology 31: 270–277, http://dx.doi.org/10.1651/10-3357.1","en"
"alien-macroinvertebrates-checklist:taxon:55","freshwater","habitat","Boets P, Lock K, Goethals PLM (2011b) Shifts in the gammarid (Amphipoda) fauna of brackish polder waters in Flanders (Belgium). Journal of Crustacean Biology 31: 270–277, http://dx.doi.org/10.1651/10-3357.1","en"
"alien-macroinvertebrates-checklist:taxon:55","brackish","habitat","Boets P, Lock K, Goethals PLM (2011b) Shifts in the gammarid (Amphipoda) fauna of brackish polder waters in Flanders (Belgium). Journal of Crustacean Biology 31: 270–277, http://dx.doi.org/10.1651/10-3357.1","en"
"alien-macroinvertebrates-checklist:taxon:56","Northern America","native range","Loppens K (1902) Petricola pholadiformis L. Annales de la Société Royale Zoologique et Malacologique de Belgique 37: 41–42","en"
"alien-macroinvertebrates-checklist:taxon:56","Contaminant on animals (except parasites, species transported by host/vector)","pathway","Loppens K (1902) Petricola pholadiformis L. Annales de la Société Royale Zoologique et Malacologique de Belgique 37: 41–42","en"
"alien-macroinvertebrates-checklist:taxon:56","marine","habitat","Loppens K (1902) Petricola pholadiformis L. Annales de la Société Royale Zoologique et Malacologique de Belgique 37: 41–42","en"
"alien-macroinvertebrates-checklist:taxon:57","Northern America","native range","Adam W (1947) Revision des Mollusques de la Belgique. I Mollusques terrestres et dulcicoles. Mémoires du Musée Royal d’Histoire Naturelle de Belgique, 106, 297 pp","en"
"alien-macroinvertebrates-checklist:taxon:57","Other means of transport","pathway","Adam W (1947) Revision des Mollusques de la Belgique. I Mollusques terrestres et dulcicoles. Mémoires du Musée Royal d’Histoire Naturelle de Belgique, 106, 297 pp","en"
"alien-macroinvertebrates-checklist:taxon:57","freshwater","habitat","Adam W (1947) Revision des Mollusques de la Belgique. I Mollusques terrestres et dulcicoles. Mémoires du Musée Royal d’Histoire Naturelle de Belgique, 106, 297 pp","en"
"alien-macroinvertebrates-checklist:taxon:58","New Zealand","native range","Adam W (1947) Revision des Mollusques de la Belgique. I Mollusques terrestres et dulcicoles. Mémoires du Musée Royal d’Histoire Naturelle de Belgique, 106, 297 pp","en"
"alien-macroinvertebrates-checklist:taxon:58","Ship/boat hull fouling","pathway","Adam W (1947) Revision des Mollusques de la Belgique. I Mollusques terrestres et dulcicoles. Mémoires du Musée Royal d’Histoire Naturelle de Belgique, 106, 297 pp","en"
"alien-macroinvertebrates-checklist:taxon:58","Ship/boat ballast water","pathway","Adam W (1947) Revision des Mollusques de la Belgique. I Mollusques terrestres et dulcicoles. Mémoires du Musée Royal d’Histoire Naturelle de Belgique, 106, 297 pp","en"
"alien-macroinvertebrates-checklist:taxon:58","Other means of transport","pathway","Adam W (1947) Revision des Mollusques de la Belgique. I Mollusques terrestres et dulcicoles. Mémoires du Musée Royal d’Histoire Naturelle de Belgique, 106, 297 pp","en"
"alien-macroinvertebrates-checklist:taxon:58","freshwater","habitat","Adam W (1947) Revision des Mollusques de la Belgique. I Mollusques terrestres et dulcicoles. Mémoires du Musée Royal d’Histoire Naturelle de Belgique, 106, 297 pp","en"
"alien-macroinvertebrates-checklist:taxon:58","brackish","habitat","Adam W (1947) Revision des Mollusques de la Belgique. I Mollusques terrestres et dulcicoles. Mémoires du Musée Royal d’Histoire Naturelle de Belgique, 106, 297 pp","en"
"alien-macroinvertebrates-checklist:taxon:59","Ponto-Caspian","native range","Soors J, van Haaren T, Timm T, Speybroeck J (2013) Bratislavia dadayi (Michaelsen, 1905) (Annelida: Clitellata: Naididae): a new non-indigenous species for Europe, and other non-native annelids in the Schelde estuary. Aquatic Invasions 8: 37–44, http://dx.doi.org/10.3391/ai.2013.8.1.04","en"
"alien-macroinvertebrates-checklist:taxon:59","Ship/boat ballast water","pathway","Soors J, van Haaren T, Timm T, Speybroeck J (2013) Bratislavia dadayi (Michaelsen, 1905) (Annelida: Clitellata: Naididae): a new non-indigenous species for Europe, and other non-native annelids in the Schelde estuary. Aquatic Invasions 8: 37–44, http://dx.doi.org/10.3391/ai.2013.8.1.04","en"
"alien-macroinvertebrates-checklist:taxon:59","freshwater","habitat","Soors J, van Haaren T, Timm T, Speybroeck J (2013) Bratislavia dadayi (Michaelsen, 1905) (Annelida: Clitellata: Naididae): a new non-indigenous species for Europe, and other non-native annelids in the Schelde estuary. Aquatic Invasions 8: 37–44, http://dx.doi.org/10.3391/ai.2013.8.1.04","en"
"alien-macroinvertebrates-checklist:taxon:6","Australia","native range","Leloup E, Lefevere S (1952) Sur la présence dans les eaux de la côte belge du cirripède, Elminius modestus Darwin, 1854, du copepode parasite, Mytilicola intestinalis Steuer, 1902, et du polychète, Mercierella enigmatica Fauvel, 1922. Mededelingen Koninklijk Belgisch Instituut voor Natuur Wetenschappen 28: 1–12","en"
"alien-macroinvertebrates-checklist:taxon:6","Asia","native range","Leloup E, Lefevere S (1952) Sur la présence dans les eaux de la côte belge du cirripède, Elminius modestus Darwin, 1854, du copepode parasite, Mytilicola intestinalis Steuer, 1902, et du polychète, Mercierella enigmatica Fauvel, 1922. Mededelingen Koninklijk Belgisch Instituut voor Natuur Wetenschappen 28: 1–12","en"
"alien-macroinvertebrates-checklist:taxon:6","Ship/boat hull fouling","pathway","Leloup E, Lefevere S (1952) Sur la présence dans les eaux de la côte belge du cirripède, Elminius modestus Darwin, 1854, du copepode parasite, Mytilicola intestinalis Steuer, 1902, et du polychète, Mercierella enigmatica Fauvel, 1922. Mededelingen Koninklijk Belgisch Instituut voor Natuur Wetenschappen 28: 1–12","en"
"alien-macroinvertebrates-checklist:taxon:6","marine","habitat","Leloup E, Lefevere S (1952) Sur la présence dans les eaux de la côte belge du cirripède, Elminius modestus Darwin, 1854, du copepode parasite, Mytilicola intestinalis Steuer, 1902, et du polychète, Mercierella enigmatica Fauvel, 1922. Mededelingen Koninklijk Belgisch Instituut voor Natuur Wetenschappen 28: 1–12","en"
"alien-macroinvertebrates-checklist:taxon:60","Southern Europe","native range","Boets et al. unpublished data","en"
"alien-macroinvertebrates-checklist:taxon:60","Interconnected waterways/basins/seas","pathway","Boets et al. unpublished data","en"
"alien-macroinvertebrates-checklist:taxon:60","Ship/boat hull fouling","pathway","Boets et al. unpublished data","en"
"alien-macroinvertebrates-checklist:taxon:60","Other means of transport","pathway","Boets et al. unpublished data","en"
"alien-macroinvertebrates-checklist:taxon:60","freshwater","habitat","Boets et al. unpublished data","en"
"alien-macroinvertebrates-checklist:taxon:60","brackish","habitat","Boets et al. unpublished data","en"
"alien-macroinvertebrates-checklist:taxon:61","Southern Europe","native range","Collection RBINS","en"
"alien-macroinvertebrates-checklist:taxon:61","Interconnected waterways/basins/seas","pathway","Collection RBINS","en"
"alien-macroinvertebrates-checklist:taxon:61","Ship/boat hull fouling","pathway","Collection RBINS","en"
"alien-macroinvertebrates-checklist:taxon:61","Other means of transport","pathway","Collection RBINS","en"
"alien-macroinvertebrates-checklist:taxon:61","freshwater","habitat","Collection RBINS","en"
"alien-macroinvertebrates-checklist:taxon:61","brackish","habitat","Collection RBINS","en"
"alien-macroinvertebrates-checklist:taxon:62","Northern America","native range","Boets P, Lock K, Cammaerts R, Plu D, Goethals PLM (2009) Occurrence of the invasive crayfish Procambarus clarkii (Girard, 1852) in Belgium (Crustacea: Cambaridae). Belgian Journal of Zoology 139: 173–175","en"
"alien-macroinvertebrates-checklist:taxon:62","Aquaculture","pathway","Boets P, Lock K, Cammaerts R, Plu D, Goethals PLM (2009) Occurrence of the invasive crayfish Procambarus clarkii (Girard, 1852) in Belgium (Crustacea: Cambaridae). Belgian Journal of Zoology 139: 173–175","en"
"alien-macroinvertebrates-checklist:taxon:62","Pet/aquarium/terrarium species (including live food for such species )","pathway","Boets P, Lock K, Cammaerts R, Plu D, Goethals PLM (2009) Occurrence of the invasive crayfish Procambarus clarkii (Girard, 1852) in Belgium (Crustacea: Cambaridae). Belgian Journal of Zoology 139: 173–175","en"
"alien-macroinvertebrates-checklist:taxon:62","freshwater","habitat","Boets P, Lock K, Cammaerts R, Plu D, Goethals PLM (2009) Occurrence of the invasive crayfish Procambarus clarkii (Girard, 1852) in Belgium (Crustacea: Cambaridae). Belgian Journal of Zoology 139: 173–175","en"
"alien-macroinvertebrates-checklist:taxon:63","Ponto-Caspian","native range","Soors J, van Haaren T, Timm T, Speybroeck J (2013) Bratislavia dadayi (Michaelsen, 1905) (Annelida: Clitellata: Naididae): a new non-indigenous species for Europe, and other non-native annelids in the Schelde estuary. Aquatic Invasions 8: 37–44, http://dx.doi.org/10.3391/ai.2013.8.1.04","en"
"alien-macroinvertebrates-checklist:taxon:63","Ship/boat ballast water","pathway","Soors J, van Haaren T, Timm T, Speybroeck J (2013) Bratislavia dadayi (Michaelsen, 1905) (Annelida: Clitellata: Naididae): a new non-indigenous species for Europe, and other non-native annelids in the Schelde estuary. Aquatic Invasions 8: 37–44, http://dx.doi.org/10.3391/ai.2013.8.1.04","en"
"alien-macroinvertebrates-checklist:taxon:63","freshwater","habitat","Soors J, van Haaren T, Timm T, Speybroeck J (2013) Bratislavia dadayi (Michaelsen, 1905) (Annelida: Clitellata: Naididae): a new non-indigenous species for Europe, and other non-native annelids in the Schelde estuary. Aquatic Invasions 8: 37–44, http://dx.doi.org/10.3391/ai.2013.8.1.04","en"
"alien-macroinvertebrates-checklist:taxon:64","Ship/boat hull fouling","pathway","Backeljau T (1986) Lijst van de recente mariene mollusken van België. Studiedocumenten van het K.B.I.N. 29. Koninklijk Belgisch Instituut voor Natuurwetenschappen: Brussel, 106 pp","en"
"alien-macroinvertebrates-checklist:taxon:64","Other means of transport","pathway","Backeljau T (1986) Lijst van de recente mariene mollusken van België. Studiedocumenten van het K.B.I.N. 29. Koninklijk Belgisch Instituut voor Natuurwetenschappen: Brussel, 106 pp","en"
"alien-macroinvertebrates-checklist:taxon:64","marine","habitat","Backeljau T (1986) Lijst van de recente mariene mollusken van België. Studiedocumenten van het K.B.I.N. 29. Koninklijk Belgisch Instituut voor Natuurwetenschappen: Brussel, 106 pp","en"
"alien-macroinvertebrates-checklist:taxon:65","Northern America","native range","Seys J, Vincx M, Meire P (1999) Spatial distribution of oligochaetes (Clitellata) in the tidal freshwater and brackish parts of the Schelde estuary (Belgium). In: Aquatic Oligochaetes, Springer Netherlands, pp 119–132","en"
"alien-macroinvertebrates-checklist:taxon:65","Ship/boat ballast water","pathway","Seys J, Vincx M, Meire P (1999) Spatial distribution of oligochaetes (Clitellata) in the tidal freshwater and brackish parts of the Schelde estuary (Belgium). In: Aquatic Oligochaetes, Springer Netherlands, pp 119–132","en"
"alien-macroinvertebrates-checklist:taxon:65","freshwater","habitat","Seys J, Vincx M, Meire P (1999) Spatial distribution of oligochaetes (Clitellata) in the tidal freshwater and brackish parts of the Schelde estuary (Belgium). In: Aquatic Oligochaetes, Springer Netherlands, pp 119–132","en"
"alien-macroinvertebrates-checklist:taxon:66","Northern America","native range","Verween A, Kerckhof F, Vincx M, Degraer S (2006) First European record of the invasive brackish water clam Rangia cuneata (G.W. Sowerby I, 1831) (Mollusca: Bivalvia). Aquatic Invasions 1: 198–203, http://dx.doi.org/10.3391/ai.2006.1.4.1","en"
"alien-macroinvertebrates-checklist:taxon:66","Ship/boat ballast water","pathway","Verween A, Kerckhof F, Vincx M, Degraer S (2006) First European record of the invasive brackish water clam Rangia cuneata (G.W. Sowerby I, 1831) (Mollusca: Bivalvia). Aquatic Invasions 1: 198–203, http://dx.doi.org/10.3391/ai.2006.1.4.1","en"
"alien-macroinvertebrates-checklist:taxon:66","freshwater","habitat","Verween A, Kerckhof F, Vincx M, Degraer S (2006) First European record of the invasive brackish water clam Rangia cuneata (G.W. Sowerby I, 1831) (Mollusca: Bivalvia). Aquatic Invasions 1: 198–203, http://dx.doi.org/10.3391/ai.2006.1.4.1","en"
"alien-macroinvertebrates-checklist:taxon:66","brackish","habitat","Verween A, Kerckhof F, Vincx M, Degraer S (2006) First European record of the invasive brackish water clam Rangia cuneata (G.W. Sowerby I, 1831) (Mollusca: Bivalvia). Aquatic Invasions 1: 198–203, http://dx.doi.org/10.3391/ai.2006.1.4.1","en"
"alien-macroinvertebrates-checklist:taxon:67","Northern America","native range","Van Damme P, Mees J, Maebe S (1992) Voorkomen van het Zuiderzeekrabbetje Rhithropanopeus harrisii (Gould, 1841) in de Westerschelde. De Strandvlo 12(1): 19–21","en"
"alien-macroinvertebrates-checklist:taxon:67","Ship/boat hull fouling","pathway","Van Damme P, Mees J, Maebe S (1992) Voorkomen van het Zuiderzeekrabbetje Rhithropanopeus harrisii (Gould, 1841) in de Westerschelde. De Strandvlo 12(1): 19–21","en"
"alien-macroinvertebrates-checklist:taxon:67","Ship/boat ballast water","pathway","Van Damme P, Mees J, Maebe S (1992) Voorkomen van het Zuiderzeekrabbetje Rhithropanopeus harrisii (Gould, 1841) in de Westerschelde. De Strandvlo 12(1): 19–21","en"
"alien-macroinvertebrates-checklist:taxon:67","freshwater","habitat","Van Damme P, Mees J, Maebe S (1992) Voorkomen van het Zuiderzeekrabbetje Rhithropanopeus harrisii (Gould, 1841) in de Westerschelde. De Strandvlo 12(1): 19–21","en"
"alien-macroinvertebrates-checklist:taxon:67","brackish","habitat","Van Damme P, Mees J, Maebe S (1992) Voorkomen van het Zuiderzeekrabbetje Rhithropanopeus harrisii (Gould, 1841) in de Westerschelde. De Strandvlo 12(1): 19–21","en"
"alien-macroinvertebrates-checklist:taxon:68","Asia","native range","Keppens M, Mienis HK (2004) A propos de la présence de Sinanodonta woodiana (Lea, 1834) en Belgique. Novapex Société 5: 78–81","en"
"alien-macroinvertebrates-checklist:taxon:68","Contaminant on animals (except parasites, species transported by host/vector)","pathway","Keppens M, Mienis HK (2004) A propos de la présence de Sinanodonta woodiana (Lea, 1834) en Belgique. Novapex Société 5: 78–81","en"
"alien-macroinvertebrates-checklist:taxon:68","Aquaculture","pathway","Keppens M, Mienis HK (2004) A propos de la présence de Sinanodonta woodiana (Lea, 1834) en Belgique. Novapex Société 5: 78–81","en"
"alien-macroinvertebrates-checklist:taxon:68","freshwater","habitat","Keppens M, Mienis HK (2004) A propos de la présence de Sinanodonta woodiana (Lea, 1834) en Belgique. Novapex Société 5: 78–81","en"
"alien-macroinvertebrates-checklist:taxon:69","Ship/boat ballast water","pathway","van Haaren T, Soors J (2009) Sinelobus stanfordi (Richardson, 1901): a new crustacean invader in Europe. Aquatic Invasions 4: 703–711, http://dx.doi.org/10.3391/ai.2009.4.4.20","en"
"alien-macroinvertebrates-checklist:taxon:69","Ship/boat hull fouling","pathway","van Haaren T, Soors J (2009) Sinelobus stanfordi (Richardson, 1901): a new crustacean invader in Europe. Aquatic Invasions 4: 703–711, http://dx.doi.org/10.3391/ai.2009.4.4.20","en"
"alien-macroinvertebrates-checklist:taxon:69","Aquaculture","pathway","van Haaren T, Soors J (2009) Sinelobus stanfordi (Richardson, 1901): a new crustacean invader in Europe. Aquatic Invasions 4: 703–711, http://dx.doi.org/10.3391/ai.2009.4.4.20","en"
"alien-macroinvertebrates-checklist:taxon:69","brackish","habitat","van Haaren T, Soors J (2009) Sinelobus stanfordi (Richardson, 1901): a new crustacean invader in Europe. Aquatic Invasions 4: 703–711, http://dx.doi.org/10.3391/ai.2009.4.4.20","en"
"alien-macroinvertebrates-checklist:taxon:7","Asia","native range","Soors J, van Haaren T, Timm T, Speybroeck J (2013) Bratislavia dadayi (Michaelsen, 1905) (Annelida: Clitellata: Naididae): a new non-indigenous species for Europe, and other non-native annelids in the Schelde estuary. Aquatic Invasions 8: 37–44, http://dx.doi.org/10.3391/ai.2013.8.1.04","en"
"alien-macroinvertebrates-checklist:taxon:7","Africa","native range","Soors J, van Haaren T, Timm T, Speybroeck J (2013) Bratislavia dadayi (Michaelsen, 1905) (Annelida: Clitellata: Naididae): a new non-indigenous species for Europe, and other non-native annelids in the Schelde estuary. Aquatic Invasions 8: 37–44, http://dx.doi.org/10.3391/ai.2013.8.1.04","en"
"alien-macroinvertebrates-checklist:taxon:7","Australia","native range","Soors J, van Haaren T, Timm T, Speybroeck J (2013) Bratislavia dadayi (Michaelsen, 1905) (Annelida: Clitellata: Naididae): a new non-indigenous species for Europe, and other non-native annelids in the Schelde estuary. Aquatic Invasions 8: 37–44, http://dx.doi.org/10.3391/ai.2013.8.1.04","en"
"alien-macroinvertebrates-checklist:taxon:7","Ship/boat ballast water","pathway","Soors J, van Haaren T, Timm T, Speybroeck J (2013) Bratislavia dadayi (Michaelsen, 1905) (Annelida: Clitellata: Naididae): a new non-indigenous species for Europe, and other non-native annelids in the Schelde estuary. Aquatic Invasions 8: 37–44, http://dx.doi.org/10.3391/ai.2013.8.1.04","en"
"alien-macroinvertebrates-checklist:taxon:7","freshwater","habitat","Soors J, van Haaren T, Timm T, Speybroeck J (2013) Bratislavia dadayi (Michaelsen, 1905) (Annelida: Clitellata: Naididae): a new non-indigenous species for Europe, and other non-native annelids in the Schelde estuary. Aquatic Invasions 8: 37–44, http://dx.doi.org/10.3391/ai.2013.8.1.04","en"
"alien-macroinvertebrates-checklist:taxon:70","Northern America","native range","Soors J, Faasse M, Stevens M, Verbessem I, De Regge N, Van den Bergh E (2010) New crustacean invaders in the Schelde estuary (Belgium). Belgian Journal of Zoology 140: 3–10","en"
"alien-macroinvertebrates-checklist:taxon:70","Ship/boat hull fouling","pathway","Soors J, Faasse M, Stevens M, Verbessem I, De Regge N, Van den Bergh E (2010) New crustacean invaders in the Schelde estuary (Belgium). Belgian Journal of Zoology 140: 3–10","en"
"alien-macroinvertebrates-checklist:taxon:70","Ship/boat ballast water","pathway","Soors J, Faasse M, Stevens M, Verbessem I, De Regge N, Van den Bergh E (2010) New crustacean invaders in the Schelde estuary (Belgium). Belgian Journal of Zoology 140: 3–10","en"
"alien-macroinvertebrates-checklist:taxon:70","brackish","habitat","Soors J, Faasse M, Stevens M, Verbessem I, De Regge N, Van den Bergh E (2010) New crustacean invaders in the Schelde estuary (Belgium). Belgian Journal of Zoology 140: 3–10","en"
"alien-macroinvertebrates-checklist:taxon:71","Ponto-Caspian","native range","Boets P, Lock K, Goethals PLM (2010b) First record of Synurella ambulans (Müller 1846) (Amphipoda: Crangonictidae) in Belgium. Belgian Journal of Zoology 140: 244–245","en"
"alien-macroinvertebrates-checklist:taxon:71","Aquaculture","pathway","Boets P, Lock K, Goethals PLM (2010b) First record of Synurella ambulans (Müller 1846) (Amphipoda: Crangonictidae) in Belgium. Belgian Journal of Zoology 140: 244–245","en"
"alien-macroinvertebrates-checklist:taxon:71","freshwater","habitat","Boets P, Lock K, Goethals PLM (2010b) First record of Synurella ambulans (Müller 1846) (Amphipoda: Crangonictidae) in Belgium. Belgian Journal of Zoology 140: 244–245","en"
"alien-macroinvertebrates-checklist:taxon:72","Northern America","native range","Soors J, van Haaren T, Timm T, Speybroeck J (2013) Bratislavia dadayi (Michaelsen, 1905) (Annelida: Clitellata: Naididae): a new non-indigenous species for Europe, and other non-native annelids in the Schelde estuary. Aquatic Invasions 8: 37–44, http://dx.doi.org/10.3391/ai.2013.8.1.04","en"
"alien-macroinvertebrates-checklist:taxon:72","Ship/boat ballast water","pathway","Soors J, van Haaren T, Timm T, Speybroeck J (2013) Bratislavia dadayi (Michaelsen, 1905) (Annelida: Clitellata: Naididae): a new non-indigenous species for Europe, and other non-native annelids in the Schelde estuary. Aquatic Invasions 8: 37–44, http://dx.doi.org/10.3391/ai.2013.8.1.04","en"
"alien-macroinvertebrates-checklist:taxon:72","freshwater","habitat","Soors J, van Haaren T, Timm T, Speybroeck J (2013) Bratislavia dadayi (Michaelsen, 1905) (Annelida: Clitellata: Naididae): a new non-indigenous species for Europe, and other non-native annelids in the Schelde estuary. Aquatic Invasions 8: 37–44, http://dx.doi.org/10.3391/ai.2013.8.1.04","en"
"alien-macroinvertebrates-checklist:taxon:73","Ship/boat hull fouling","pathway","Sellius G (1733) Historia naturalis teredinis seu xylophagi marini tubulochonchoidis speciatim Belgici, Trajecti ad Rhenum, p 366","en"
"alien-macroinvertebrates-checklist:taxon:73","Other means of transport","pathway","Sellius G (1733) Historia naturalis teredinis seu xylophagi marini tubulochonchoidis speciatim Belgici, Trajecti ad Rhenum, p 366","en"
"alien-macroinvertebrates-checklist:taxon:73","marine","habitat","Sellius G (1733) Historia naturalis teredinis seu xylophagi marini tubulochonchoidis speciatim Belgici, Trajecti ad Rhenum, p 366","en"
"alien-macroinvertebrates-checklist:taxon:8","East Asia","native range","Damas H (1938) Sur la presence dans la Meuse belge de Branchiura sowerbyi, Craspedacusta sowerbyi, et Urnatella gracilis. Annalles de Societé Zoologique Belge 69: 293–310","en"
"alien-macroinvertebrates-checklist:taxon:8","Ship/boat ballast water","pathway","Damas H (1938) Sur la presence dans la Meuse belge de Branchiura sowerbyi, Craspedacusta sowerbyi, et Urnatella gracilis. Annalles de Societé Zoologique Belge 69: 293–310","en"
"alien-macroinvertebrates-checklist:taxon:8","freshwater","habitat","Damas H (1938) Sur la presence dans la Meuse belge de Branchiura sowerbyi, Craspedacusta sowerbyi, et Urnatella gracilis. Annalles de Societé Zoologique Belge 69: 293–310","en"
"alien-macroinvertebrates-checklist:taxon:8","brackish","habitat","Damas H (1938) Sur la presence dans la Meuse belge de Branchiura sowerbyi, Craspedacusta sowerbyi, et Urnatella gracilis. Annalles de Societé Zoologique Belge 69: 293–310","en"
"alien-macroinvertebrates-checklist:taxon:9","Southern Hemisphere","native range","Soors J, van Haaren T, Timm T, Speybroeck J (2013) Bratislavia dadayi (Michaelsen, 1905) (Annelida: Clitellata: Naididae): a new non-indigenous species for Europe, and other non-native annelids in the Schelde estuary. Aquatic Invasions 8: 37–44, http://dx.doi.org/10.3391/ai.2013.8.1.04","en"
"alien-macroinvertebrates-checklist:taxon:9","China","native range","Soors J, van Haaren T, Timm T, Speybroeck J (2013) Bratislavia dadayi (Michaelsen, 1905) (Annelida: Clitellata: Naididae): a new non-indigenous species for Europe, and other non-native annelids in the Schelde estuary. Aquatic Invasions 8: 37–44, http://dx.doi.org/10.3391/ai.2013.8.1.04","en"
"alien-macroinvertebrates-checklist:taxon:9","United States","native range","Soors J, van Haaren T, Timm T, Speybroeck J (2013) Bratislavia dadayi (Michaelsen, 1905) (Annelida: Clitellata: Naididae): a new non-indigenous species for Europe, and other non-native annelids in the Schelde estuary. Aquatic Invasions 8: 37–44, http://dx.doi.org/10.3391/ai.2013.8.1.04","en"
"alien-macroinvertebrates-checklist:taxon:9","Ship/boat ballast water","pathway","Soors J, van Haaren T, Timm T, Speybroeck J (2013) Bratislavia dadayi (Michaelsen, 1905) (Annelida: Clitellata: Naididae): a new non-indigenous species for Europe, and other non-native annelids in the Schelde estuary. Aquatic Invasions 8: 37–44, http://dx.doi.org/10.3391/ai.2013.8.1.04","en"
"alien-macroinvertebrates-checklist:taxon:9","freshwater","habitat","Soors J, van Haaren T, Timm T, Speybroeck J (2013) Bratislavia dadayi (Michaelsen, 1905) (Annelida: Clitellata: Naididae): a new non-indigenous species for Europe, and other non-native annelids in the Schelde estuary. Aquatic Invasions 8: 37–44, http://dx.doi.org/10.3391/ai.2013.8.1.04","en"
